Company Name,Website,Email,@dropdown
1 Natural Way,https://1naturalway.com,support@1naturalway.com,
1Datapoint Diagnostics,,,
2020 Mom,,,
24Baby,,,
28 by Evie,https://byevie.nl,info@byevie.nl,
28 Wellness,,,
29Days,,,
2-BeSure,https://2besure.be,info@2besure.be,
2F SURGICAL,https://2fsurgical.com,contact@2fsurgical.com,
2Unstoppable,https://2unstoppable.org,,
305 Pink Pack,https://305pinkpack.org,info@305pinkpack.org,
3Daughters,,,
4Clinics,,,
4D Path,https://4dpath.com,partnerships@4dpath.com,
500Cosmetics,,,
9Moons,,,
A Little Bundle,https://alittlebundle.com,,
A M Taborelli,,,
A Pregnancy Center and Clinic,,,
A thousand colibris Dana,,,
A Womans Time,https://awomanstime.com,,
Aakar Innovations,https://aakarinnovations.com,info@aakarinnovations.com,
Aastrika Foundation,https://aastrika.org,information@aastrika.org,
Aavia,https://aavi.net,buzon@aavi.net,
ABBYFINN,https://abbyandfinn.com,,
abcodia,,,
AblaCare,,,
Ablute,https://ablute.pt,,
Abortion On Demand,https://abortionondemand.org,,
Access Health Center,https://accesshealthcenter.net,,
Acessa Health,,,
Acro Biotech,https://acrobiotech.com,info@acrobiotech.com,
Adams Patterson Gynecology and Obstetrics,,,
Adeo Health Science,https://adeohealth.com,,
AdetCup,https://adetcup.com,,
Adiana,https://adianademauro.com,,
Adira Health,https://adira-health.com,,
Adjuvatis,https://adjuvatis.com,,
Adora Digital Health,,,
Adora Fertility,https://adorafertility.com.au,,
Adriatica Womens Health,https://adriaticawomenshealth.com,,
Advanced Maternity Innovations,https://advancedmaternityinnovations.com,,
Advanced Medical Care,https://advancedmedicalcarecenter.com,,
Advanced Menstrual Care Center,https://advancedmenstrualcarecenter.com,info@advancedmenstrualcarecenter.com,
Advanced Obstetrics Gynecology,,,
Advanced Prenatal Therapeutics,,,
Advanced Urogynecology,https://augm.org,urogyn@augm.org,
Advanced Womens Imaging,https://advancedwomensimaging.com.au,,
Advantia Health,https://advantiahealth.com,,
Adventa Bioscience,https://adventabioscience.com,,
Adyn,https://adynenetherlands.nl,,
AEENA Dx,https://aeenadx.com,,
Aeon Aesthetics Gynecology,,,
Afaxys,https://afaxys.com,,
AFC Urgent Care Portland,,,
AFINGEN,https://afingen.org,hello@afingen.tech,
African Womens Health Project International,https://awhpi.org,,
AFRIpads,https://afripads.com,info@afripads.com,
afterglow,https://xoafterglow.com,,
AG Pharma Srl,,,
Aggamin Biologics,,,
Agile Therapeutics,https://agiletherapeutics.com,info@agiletherapeutics.com,
Agora Pharma,,,
Agrobiogen,https://agrobiogen.de,,
Aguas de Luna,https://aguasdeluna.es,,
Aguirre Specialty Care,https://ascdenver.com,,
AIDOT,https://aidot.com,help@service.aidot.com,
Aila Health,https://ailahealth.com,,
AIM Wellness Clinic,https://aimwellnessclinic.com,denise@aimwellnessclinic.com,
Aima Health,https://aima-health.com,,
AIMA Inc,https://aimainc.com,,
AIMA Laboratories,https://aimalaboratories.com,,
Aindra Systems,https://aindra.in,adarsh@aindra.in,
Ainenne,,,
Aisle,https://aisleplanner.com,,
AiVF,https://aivf.co,,
Alabama Womens Center,https://alabamawomensclinic.com,,
Alacare Home Health Hospice,,,
Albaad,https://albaad.com,,
Alena,https://alena-energy.com,sales@alena-energy.com,
AlgaMed Therapeutics,,,
Alicks Home Medical,https://alicks.com,,
Alife Health,https://alifehealthtourism.com,,
Alika,https://alikala.ir,,
All About Her,https://allaboutherexpos.com,,
All About Truth DNA Services Inc,,,
All Florida Family Care,https://affcare.net,info@affcare.net,
Allara,https://allarabi.com,,
allara health,https://allarahealth.com,,
Allbodies,https://allbodiescommunity.com,julie@allbodiescommunity.com,
AllCare,https://allcarefamilymed.com,,
AllCare Physiotherapy,https://allcarephysio.com.au,,
Alli,https://alliantcreditunion.com,,
Alli Therapy,https://alli.io,,
Alliance Family Health Center,https://alliancefamilyhealth.org,,
Alliance Family Physicians,https://alliancefamilyphysicians.net,,
Alliance Obstetrics and Gynecology,,,
AllMatters,https://allmatters.com,wholesale@allmatters.com,
Allo Health,https://allohealth.care,care@allohealth.care,
Alloy,https://alloy.com,,
Allwin Medical Devices,,,
Alma Lasers,https://almainc.com,,
Almma Health,,,
Almond Life,,,
Alpha Center for Women,,,
Alpha Medical,https://alphamedical.ro,office@alphamedical.ro,
AlphaCare,https://alphacareinc.org,,
Alt12 Apps,https://alt12.com,,
AltaScience,https://altasciences.com,contact@altasciences.com,
Alternative Naissance,,,
Alternatives Pregnancy Center,https://youhavealternatives.org,,
Altman Health,https://altman.co,,
Altus Lifescience,https://altuslifescience.com,info@altuslifescience.com,
Alva Health,https://alva-health.com,contact@alva-health.com,
Always pk,,,
Alydia Health,,,
AlzeCure Pharma,https://alzecurepharma.se,,
Amai Woman,https://amaiwoman.com.br,,
Amara Therapeutics,https://amaratherapeutics.com,,
Amarillo Stat Care,https://amarillostatcare.com,,
Amenovia,https://amenovia.com,contact@amenovia.com,
American Collage of Obstetrics,,,
American Institute of Toxicology AIT,,,
American Society of Cosmetic Breast Surgery,,,
Amilis,https://amilis.co.uk,,
Amira Health,https://amirahealth.com,info@amirahealth.com,
amma family,https://amma.family,info@amma.family,
amma pregnancy tracker,,,
Ammayum Kunjum,https://ammayumkunjum.in,care@ammayumkunjum.in,
Amoena,https://amoena.com,datenschutz@amoena.com,
Amoma Natural Care,https://amoma.jp,,
Amorus,https://amorususa.com,support@amorususa.com,
Amref Health Africa,https://amref.org,,
Amritdhara my hospital,,,
AMS Womens Care and Continence Center,,,
Anaborhi,https://anaborhi.com,,
Ananya Health,https://ananya.health,hi@ananya.health,
AnaOno,https://anaono.com,cs@anaono.com,
Anavy,https://anavy-agency.com,,
Anchorage Womens Clinic,https://anchoragewomensclinic.com,,
Anecova,https://anecova.com,,
AnelleO,https://anelleo.com,info@anelleo.com,
anewmum,,,
ANG Sales,,,
Ango Health,https://angohealth.com,,
Anigan,https://anigan.com,,
Ankrin Therapeutics,https://ankrin.com,,
Annabella,https://annabella.ca,cs1@annabella.ca,
Annabella Breast Pump,,,
Annai Systems,https://annaisystems.com,,
Annaida Technologies SA,,,
ANNOVERA,,,
Ansella Therapeutics,https://ansellatx.com,info@ansellatx.com,
Antagene,https://antagene.com,contact@antagene.com,
Antigen Targeting Consulting,,,
Antiva Biosciences,https://antivabio.com,,
Antonio Barbato,https://antoniobarbato.store,info@antoniobarbato.store,
Anvita Health,https://anvitahealth.com,,
Anxin Doctor,,,
Anya,https://anyahindmarch.com,recruitment@anyahindmarch.com,
Anya App LatchAid,,,
Anya Labs,,,
AOA,https://aoausa.com,,
AOA Dx,https://aoadx.com,info@aoadx.com,
Aphrodite Health,,,
ApiAfrique,https://apiafrique.com,marina.gning@apiafrique.com,
Apios Lifesciences,https://apioslifesciences.com,,
Apothecanna,https://apothecanna.com,hello@apothecanna.com,
Apothecary by Design,,,
Apothercare,https://apothercare.com,,
Apricity,https://apricity.agency,,
Apricotton,,,
AprilCares Health,https://aprilcares.health,luca.sciascia@aprilcares.health,
Apryl,https://aprylann.com,,
Apta-Advice,https://apta-advice.com,,
Aptaclub,https://aptaclub.co.uk,,
Aptorum Group,https://aptorumgroup.com,collaboration@aptorumgroup.com,
AQLANE Medical BV,,,
Aquafit Intimate,https://aquafit-intimate.com,hello@aquafit-intimate.com,
Aqueduct Medical,https://aqueductmedical.com,,
Arabella And Rose,https://arabellaandrose.com.au,,
Arana Hills Physiotherapy,https://aranahillsphysiotherapy.com,,
Arbor Vita Corporation,,,
Arcagy-Gineco,https://arcagy.org,contact@arcagy.org,
ARCEDI Biotech,,,
ARCHEMED,https://archemed.org,info@archemed.org,
Arediana,https://arediana.com,,
ArgenTAG,https://argentaglobal.com,,
Ark Surgical,https://arksurgicalhospital.com,,
Arkansas Family Medicine,https://arfamilymedicine.com,,
ARMMAN,https://armman.org,careers@armman.org,
Armor Medical Inc,,,
Arnie Nicola,https://arnienicola.com,,
Arpeggi Inc,,,
Arravite,https://arravite.com,enquiry@arravite.com,
Arstat Pharmaceuticals,,,
Art Science of Obstetrics Gynecology,,,
Artemis Alpha Femtech,,,
Artisan Sonics,https://artisansonics.com,info@artisansonics.com,
Arvetas Biosciences,https://arvetasbio.com,,
Asan Wellness UK,,,
Asana Cup,https://asanacup.com,hola@asanacup.com,
Asarina Pharma,https://asarinapharma.com,peter.nordkild@asarinapharma.com,
Ashfields Primary Care Centre,https://sandbachgps.nhs.uk,,
Ashlyn Lee,,,
Ask DeeDee,,,
Ask Tia,https://asktia.com,,
Aspa Therapeutics,,,
Aspira Womens Health,https://aspirawh.com,,
Aspivix,https://aspivix.com,contact@aspivix.com,
Associated Health Care,https://ahcu.org,associatedhealthcarecueaganbranch@ahcu.org,
Associates in Womens Health,https://awhobgyn.com,,
Associates in Womens Health Care,https://aiwhc.com,,
Association for Improvements in the Maternity Services,,,
Astarte Medical,https://astartemedical.com,,
Aster OBGYN,https://asterobgyn.com,,
AstroSecret,https://astrosecretapp.com,support@astrosecretapp.com,
A-Synaptic Pharma,,,
Asystem,https://asystem.com,press@asystem.com,
At Last Naturals,https://atlastnaturals.com,info@atlastnaturals.com,
Athana,https://athanasiusdeacons.net,,
Athelo Health,https://athelohealth.com,hello@athelohealth.com,
Athena Club,https://athenaclub.com,hey@athenaclub.com,
Athena Empowers,https://athenaempowers.com,,
Athena Feminine Technologies,https://athenaft.com,,
Atlanta Gynecology and Obstetrics,https://atlantagynob.com,,
Atlantic Therapeutics,,,
Attn Grace,https://attngrace.com,,
Audubon Womens,https://audubonwomens.com,,
August,https://augusta.edu,parkingoffice@augusta.edu,
Augustus Labs,,,
Aunt Flow,https://goauntflow.com,,
Aunt Marthas Health Wellness,,,
Aura Fertility,https://aura-fertility.com,,
Aura Health,https://aurahealth.io,hello@aurahealth.io,
Aurat Raaj,https://auratraaj.co,,
Auria Care,https://auria.care,,
Austin Breast Imaging,https://austin3dmammo.com,,
Austin Thermography,,,
Australian Menopause Centre,https://menopausecentre.com.au,,
Ava,https://avature.net,,
Ava AG,https://ava.com.ec,mariajose@ava.com.ec,
ava women,https://avawomen.com,,
Avaden Biosciences,,,
AVERT,https://avertx.com,support@avertx.com,
Avery Center for Obstetrics and Gynecology,,,
AVERY Fertility GmbH,,,
avestria ventures,https://avestria.vc,,
Aveta Medical,https://avetamedical.com,info@avetamedical.com,
Avgol Nonwovens,,,
Avidas Pharmaceuticals,,,
Avira Health,,,
Avni,https://avnishparker.com,hello@avnishparker.com,
AWHPA,https://awhpa.com,,
Awkward Essentials,https://awkwardessentials.com,hey@awkwardessentials.com,
Axena Health,,,
Axia Womens Health,https://axiawh.com,,
Ayara Woman,,,
Ayuda Health,https://ayudahealth.com,info@ayudahealth.com,
Ayurwoman Ayurveda Clinic,,,
AYZH,https://ayzhotels.com,info@ayzhotels.com,
Azah,https://azahcccs.gov,,
Azienda Ospedaliera Ordine Mauriziano Di Torino,,,
AZO,https://azom.com,,
Azure Biotech,https://azurebiotech.com,info@azurebiotech.com,
Baby Calendar,https://baby-calendar.jp,,
Baby Cherie,https://babycherie.com.br,,
Baby Doppler,https://babydoppler.com,,
Baby Gaga,https://babygaga.com,,
Baby Journey,https://babyjourney.net,,
Baby Sky,https://babyskyboutiqueonline.com,,
Baby2Body,https://baby2body.com,collab@baby2body.com,
Babyation,https://babyation.com,hi@babyation.com,
BabyBuddha Products,https://babybuddhaproducts.com,support@babybuddhaproducts.com,
BabyCenter,https://babycenter.com,u003ecommunity@babycenter.com,
BabyChakra,https://babychakra.com,,
BABYCHECK,https://babycheckbath.org,info@babycheckbath.org,
Baby-Friendly USA,https://babyfriendlyusa.org,,
Babyganics,https://babyganics.com,,
BabyHome,https://babyhome.com.tw,,
Babykixx,,,
Babylat,https://babylat.com,,
babylink,https://babylink.co.il,info@babylink.co.il,
Babylist,https://babylist.com,,
BabyLiveAdvice,https://babyliveadvice.com,,
babyMed,https://babymed.com,,
Babymigo,https://babymigo.com,,
Babyndex,https://babyndex.eu,,
BabyOrgano,https://babyorgano.com,care@babyorgano.com,
Babyoye,,,
Babyscripts,https://babyscripts.com,info@babyscripts.com,
Baesic Period Care,,,
Baheya Foundation,https://baheya.org,info@baheya.org,
Bakersfield Pregnancy Center,https://wehelpyou.org,counselor@wehelpyou.org,
Balance Menopause,https://balance-menopause.com,,
Bambody,https://bambodynutrition.com,info@bambodynutrition.com,
Bamboo Babe,https://bamboobabe.com.au,hello@bamboobabe.com.au,
Bamboobies,https://bamboobies.com,,
Bamboolik,https://bamboolik.cz,hotline@bamboolik.cz,
BaNaPads,,,
Banmi Yunqizhuanjia,,,
Bare Collective,https://barecollective.com,,
Barnes-Jewish St Peters Hospital,https://bjsph.org,,
Basinski,https://basinski.com,,
Baubo Paris,,,
Baushe,https://baus-heinze.de,,
Bay Area Family Physicians,https://bayareafp.com,,
Baymatob,https://baymatob.com,info@baymatob.com,
BB Imaging,https://bbimaging.net,,
bbhugme,https://bbhugme.com,hello@bbhugme.com,
BC Womens Health Foundation,https://bcwomensfoundation.org,,
Be Bella Company,,,
Be Bodywise,,,
Be Girl,https://be-girl.com,info@be-girl.com,
Bea Fertility,https://beafertility.com,support_us@beafertility.com,
Be-A Japan,,,
Beautiful Mountain Birth,https://beautifulmountainbirth.com,info@beautifulmountainbirth.com,
Beauty Binge,https://cleanbeautybinge.com,products@cleanbeautybinge.com,
Beauty Twins,https://beautytwins.co,,
BeBaby,https://bebaby.nl,,
Bebe au Lait,https://bebeaulait.com,,
Bebebasket,https://bebebasket.nl,klantenservice@bebebasket.nl,
Bebekcimiz com,,,
BebekForm,https://bebekform.com,,
BebeVu,https://bebevue.com,,
Become Clothing,https://becomeclothing.com,,
Bedroom Kandi Boutique Parties,,,
Bedsider,https://bedsider.org,questions@bedsider.org,
Beducated,https://beducated.com,,
beeroo,https://beeroots.co.uk,,
Beeya Wellness,https://beeyawellness.com,support@beeyawellness.com,
Beije,https://beijerbygg.se,,
Being Juliet,https://beingjuliet.com,,
Belabumbum,https://belabumbum.com,,
Bella Beat,https://bellabeat.com,,
BelleMa,https://bellemaison.jp,,
Belly Bandit,https://bellybandit.com,,
Belly Bands,https://bellybands.com.au,info@bellybands.com.au,
Bellybaloo,https://bellybaloo.com,,
BellyMoms Maternity Inc,,,
BelongLife,https://belong.life,,
Bem Amados,https://bemamados.com.br,,
Beomi Health,https://beomi-health.com,,
Bergan Imaging Center,,,
Berlis,https://berlisbody.com,chadk@berlisbody.com,
Berry Fertility,https://berryfertility.com,hello@berryfertility.com,
Best Breast Vest Company,,,
Best Ever Baby,,,
Bestmedical,https://bestmedicalmarijuanastocks.com,,
Better Body,https://betterbody.co,,
Bettys Co,https://bettys.co.uk,,
Between Health,https://between.health,help@hellobetween.com,
Beyond Ages,https://beyondages.com,onlineinquiries@beyondages.com,
Beyond Genomix,,,
Beyoni Health,,,
BeYou,https://beyoung.in,u003esupport@beyoung.in,
Bfree Cup,https://bfreecup.com,info@bfreecup.com,
Bhagirathi Neotia Woman and Child Care Centre,,,
Bharat Moms,https://bharatmoms.com,,
Biamother,https://biamother.com,,
BIASIA,https://biasiarquitetura.com.br,,
BIDEA,https://bidease.com,,
Big Bloomers,https://bigbloomersflowerfarm.com,,
Big Tree Cloud Group,,,
Billie,https://mybillie.com,,
BillionToOne,https://billiontoone.com,,
Bim Bam Boo,https://bimbamboopaper.com,help@bimbamboopaper.com,
Bimeco Group,https://bimecogroup.com,,
Bingbing Group,,,
Binto,https://bintoi.com,,
BioAesthetics,https://bio-aesthetics.com,info@bio-aesthetics.com,
Bioceptive,https://bioceptive.com,,
Biocodex,https://biocodexmicrobiotainstitute.com,contact@biocodexmicrobiotainstitute.com,
BioFeet,https://biofeet.pt,info@biofeet.pt,
Bioidentical Hormone Doctors Locator,,,
Biolockey Healthworks,,,
BIOM,https://biomerieux.com,,
BIOMILQ,https://biomilq.com,,
Biomirror Diagnostics,https://biomirrordx.com,,
Bion Therapeutics,,,
Bioneb,https://bionebraska.org,,
Bioniq Health-Tech Solutions,,,
Biop Medical,https://biopmedical.com,,
BioQuest Corp,,,
Biorithm,https://bio-rithm.com,info@bio-rithm.com,
BioSante Pharmaceuticals,https://biosantepharma.com,marketing@biosantepharma.com,
BioSens8,,,
BioSy,https://biosylva.fr,,
BioTech Africa,https://biotechafrica.com,info@biotechafrica.com,
Biotheranostics,https://biotheranostics.com,clientservices@biotheranostics.com,
BioXskincare,https://bioxskincare.com,,
bioZhena,https://biozhena.com,,
Bird Be,https://birdandbeanshop.com,hello@birdandbeanshop.com,
Birth By Us,https://birthbyus.com,hello@birthbyus.com,
Birth Detroit,https://birthdetroit.com,,
Birth You Desire LLC,,,
Birthify,https://birthify.net,hello@birthify.net,
Birthing Beautiful Communities,https://birthingbeautiful.org,info@birthingbeautiful.org,
Birthright,https://birthrightisrael.com,info@birthrightisrael.com,
BirthX,https://birthx.com,,
Bishvilaych,https://bishvilaych.org,,
bizymoms com,,,
Black Girl Sunscreen,https://blackgirlsunscreen.com,marketing@blackgirlsunscreen.com,
Black Hair Management,,,
Bliss For Women,https://blissforwomen.com,,
Blob Box,https://blobbox.co.uk,,
Blood,https://bloodmallet.com,,
Bloody Good Period,,,
Bloody Goodshop,,,
Bloody Marvellous,,,
Bloom Bras,https://bloombras.com,hello@bloombras.com,
Bloom Care,https://bloomandcare.co.uk,info@bloomandcare.co.uk,
Bloom Cup,https://bloomcupcakes.co.nz,order@bloomcupcakes.co.nz,
Bloom Diagnostics,https://bloomdiagnostics.com,,
Bloomful,https://bloomful.io,,
Bloomi,https://bloomingdales.com,,
Blooming Underwear,,,
Bloomlife,https://bloomhospital.com,,
Bloomth,https://bloomthis.co,contact@bloomthis.co,
Blossom Menstrual Cups,,,
Blount Memorial Hospital,https://blountmemorial.org,,
BluDiagnostics,,,
Blue Ova Health,https://blueova.com,info@blueova.com,
Blueheart,https://blueheart.gr,,
Blume,https://blumenshinelawgroup.com,,
Blushh,https://blush.co.ke,,
Blushproof,https://blushproof.co.za,info@blushproof.co.za,
BMHQG,https://bmhqg.com,,
BNB Underwear,,,
Bobbie Baby,,,
Bobble,https://bobbleheadhall.com,info@bobbleheadhall.com,
BobiHealth,,,
Bodily,https://itsbodily.com,,
Body Collective,https://austinbodycollective.com,,
Body Systems,https://bodysystems.mx,myexperience@bodysystems.com.mx,
Bodyform,https://bodyform.co.uk,,
BodyICE Woman,,,
BodyLogicMD,https://bodylogicmd.com,,
Bomimo Nutrition,https://bomimonutrition.com,hello@bomimonutrition.com,
Bonafide Health,,,
Bone Health Technologies,https://bonehealthtech.com,support@osteoboost.com,
Bonheur,https://bonheurjewelry.com,info@bonheurjewelry.com,
Bonjour Jolie,,,
Bonzun,https://bonzun.com,,
Boober,https://getboober.com,care@getboober.com,
Boobie Foods,https://boobiebikkies.com.au,,
Booby Food,https://boobyfood.com,,
Booty Bands Barbells,https://bootybands.com,jay+1@bootybands.com,
Boppy Company,,,
Bosheng Medical,,,
Boss Mom,https://boss-mom.com,,
Bossa Bars,,,
Boulder Valley Womens Health Center,,,
Bounceless Activewear,,,
Bowchair,https://bowchair.com,archer@bowchair.com,
BRAFIT,https://brafittingsbycourt.com,customerservice@brafittingsbycourt.com,
Branayama,https://branayama.com,,
Brarista,https://brarista.co,,
Braster,https://brasterapica.com.br,,
BRAWS,https://braws.org,,
b-rayZ,https://brayzelnarrowboats.com,,
Brazen,https://brazenanimation.com,inquire@brazenanimation.com,
Breast Cancer Now,https://breastcancernow.org,afternoontea@breastcancernow.org,
Breast Screen,https://breastscreen.nsw.gov.au,cinsw-breastscreennsw@health.nsw.gov.au,
Breastlight,https://breastlightsouthafrica.co.za,,
breathe ilo,https://breatheilo.com,,
Bria Health,https://briahs.com,,
Bridgeview Medical Practice,,,
Brief Transitions,,,
Bright Girl Health,https://brightgirlhealth.com,jess@brightgirlhealth.com,
BrightCure,,,
Brilliantly,https://brilliantlydyslexic.com,,
Brobe,https://brotechnologyx.com,,
Brookes House,https://brookeshouse.org,,
Broward Healthy Start Coalition,https://browardhsc.org,hstart@browardhsc.org,
Brun Health,https://brunhealth.com,,
BSM Media,https://bsmmedia.com,info@bsmmedia.com,
Buenas Madres,,,
Buikbandana,https://buikbandana.nl,,
Bumi,https://bumi.com.br,bumi@bumi.com.br,
Bump Boxes,https://bumpboxes.com,,
Bump Health,https://bumphealth.com,info@bumphealth.com,
Bumpin Blends,https://bumpinblends.com,,
Bumpy,https://bumpy.org.uk,,
Bundle of Joy Box,https://bundleofjoybox.ca,info@bundleofjoybox.ca,
Bunnii,https://bunniitravels.com,,
BUPeriod,https://buperiod.com,,
Burlington OBGYN Associates,,,
Butterfly Biosciences,,,
Butterfly XR Studio,,,
bwell Connected Health,,,
B-wom,https://b-wom.com,,
ByHeart,https://byheart.com,press@byheart.com,
C B Fleet,https://cb-fleet.com,,
Cabocreme,https://cabocreme.com,,
Cadence Health,https://cadencehealth.us,,
CAHEP,https://cahep.ca,,
Caire Beauty,https://cairebeauty.com,hello@cairebeauty.com,
Caldera Medical,https://calderamedical.com,hello@calderamedical.com,
Caldera Medical Inc,,,
Cali Balance,https://calibalance.com,,
Call The Midwife,https://callthemidwifenh.com,jessica@callthemidwifenh.com,
Calla Health Foundation,https://callahealthfoundation.com,,
Calla Lily Clinical Care,https://callali.ly,info@callali.ly,
Callaly,https://calla.ly,,
Cambio Women,,,
CAMI Health,https://cami-health.org,cami@cami-health.org,
Camp Hill Healthcare,https://camphillhealthcare.com.au,,
Campbell Station Primary Care and Aesthetics,https://farraguthealth.com,,
Can-Care,https://pbcf.org.au,info@pbcf.org.au,
Candela Medical,https://candelamedical.com,,
Candis Magazine,,,
Candlelit Therapy,,,
Canguru,https://cangurudematematicabrasil.com.br,,
Canguru Gravidez,,,
Cannassure Therapeutics,https://cannassure.life,,
CannRx,,,
Canopie,https://canopiesandtarps.com,support@canopiesandtarps.com,
CanSense,https://cansenseltd.com,info@cansenseltd.com,
Cantata Bio,https://cantatabio.com,support@cantatabio.com,
Canvas Vitalogue Health,,,
Canyon View Medical Group,,,
Capd Period,https://capdperiod.com,,
CAPEA,https://capeair.com,cbs@capeair.com,
Capital Diabetes Endocrine Associates,https://capitaldiabetes.org,,
Capital Womens Care,https://cwcare.net,,
Capstone Family Dentistry,,,
Cara B Natural Products,,,
Carafem,https://carafem.org,,
Caraway,https://carawayhome.com,,
Cardiawave,https://cardiawave.com,,
Care For Womens Medical Group,https://cfwmg.com,,
Care Net Pregnancy Center,https://carenetberkleydetroit.org,info@carenetberkleydetroit.org,
Care Ring,https://carering.care,info@carering.care,
Carefie,https://carefie.com,,
CareMother,https://caremother.in,,
Caria,https://cariacica.es.gov.br,,
Carin,https://caringbridge.org,,
Carin LifeSense Group BV,,,
Caring Center for Women,https://caringcenterforwomen.com,,
Caring for Women,https://cfwdenton.com,,
Carmel Diagnostics ltd,,,
Carmenta Bioscience,https://carmentabio.com,,
Carmesi,https://mycarmesi.com,care@mycarmesi.com,
Carrot Fertility,https://get-carrot.com,,
Carta Genomics,,,
Casa di Cura Malzoni,,,
Cascade Womens Health,https://cascadewomenshealth.org,,
Casting for Recovery,https://castingforrecovery.org,susan.brooks@castingforrecovery.org,
Cater To Mom,https://catertomom.com,marketing@catertomom.com,
Cayaba Care,https://cayabacare.com,care@cayabacare.com,
CBWW,https://cbww.org,info@cbww.org,
CCD Laboratoire de la Femme,https://laboratoire-ccd.com,,
CCD Laboratory,,,
Ceek Womens Health,https://ceekwomenshealth.com,,
Celbrea,https://celbrea.com,,
Celebrating Women Center,,,
Celebration Day for Girls,https://celebrationdayforgirls.com,,
Celes Care,https://celes.care,,
CELLDI,https://celldivision.com,,
CellScape,,,
Celmatix,https://celmatix.com,info@celmatix.com,
CEMAG Care,https://cemagcare.com,pharmacovigilance@cemagcare.com,
Center for Healthy Families,https://centerforhealthyfamilies.org,intake@centerforhealthyfamilies.org,
Center for Intimacy Justice,https://intimacyjustice.org,hello@intimacyjustice.org,
Center for Pelvic Health and Wellness,https://pelvichealthwellness.com,,
Center for Urinary and Pelvic Disorders,,,
Central Florida UroGynecology,,,
Centre de Sante Pelvienne,,,
Centre Ginecologic MBG,,,
Centre of Excellence for Womens Health Society,,,
Centro Integrado Bella,https://centrointegradobella.com.br,contato@centrointegradobella.com.br,
Centro Sofia,,,
Ceres Chill,https://cereschill.com,nrachelp@cereschill.com,
Cern Corporation,,,
Certify Your Health Status,,,
CERTS Group,https://certsgroup.com,,
Chai Mommas,https://chaimommas.com,,
Chairman Mom,,,
Channel Medsystems,,,
Chapa-De Indian Health,,,
CHAVA,https://chavaramatrimony.com,,
Chebura,,,
ChektAhora,https://chektahora.com,,
Cheremy Maka,,,
Cherish Center,https://cherishcenter.org,info@cherishcenter.org,
Cherish Ministry,https://cherishministry.org,info@cherishyoungmoms.org,
Cherry Blossom Intimates,,,
Chesapeake Medical Imaging,https://cmirad.net,,
Chiima Therapeutics,https://chiimatherapeutics.com,bd@chiimatherapeutics.com,
Chiki Riki,https://chikiriki.ru,,
Chil Group,,,
Childbirth Options,https://childbirthoptions.net,info@birthgodsway.org,
Childs Farm,https://childsfarm.com,enquiries@childsfarm.com,
Chiquititos,,,
Chiro for Moms,https://chiroformoms.com,team@chiroformoms.com,
Chiyo,https://chiyodagrp.co.jp,,
Choices in Childbirth,https://choicesinchildbirth.org,,
Choix,https://choixhome.com,hello@choixhome.com,
Choiz,https://choiz.com.ar,,
Chondo,https://chondonexpress.com,admin@chondonexpress.com,
Chonies Brand,https://choniesbrand.com,,
Chooze,https://choozemetime.com,,
Chorus Health,https://chorushealth.io,,
CHRISTUS St Michael Foundation,,,
Chromosomal Labs Bode Technology,,,
Chuangjia Fujian Hygiene Products Technology Co,,,
Chunkie,https://chunkiedunkies.com,,
Cianna Medical,,,
Cicalux,https://cicalux.com.co,,
Cicero Diagnostics ReceptivaDx,,,
Ciclica,https://ciclicasadei.it,info@ciclicasadei.it,
Circle Womens Health Platform,,,
Circles,https://circles.life,,
Circuit-Bio,,,
Circulo Perfeito,,,
Cirqle Biomedical,https://cirqle.bio,contact@cirqle.bio,
Cirqle Biomedical OUI,,,
City Mom Collective,https://momcollective.com,,
CITYMOM,https://citymoments.com,,
CL Medical,https://clmedical.com,,
CLAIRE Fertility,,,
Clairity Inc,,,
Claremont Private Hospital,https://claremont-hospital.co.uk,,
Claret Circle,https://claretcircle.com,,
Claripharm,https://claripharm.com,contact@claripharm.fr,
Clarity,https://clarityenglish.com,info@clarityenglish.com,
ClearCut Medical,https://clrcut.com,info@clrcut.com,
Clementine App,https://clementineapp.com,,
Clensta,https://clensta.com,,
Cleo,https://cleobella.com,partnerships@cleobella.com,
Climaxxx,https://climaxxx.com.br,oi@climaxxx.com.br,
Cloudhoods,https://cloudhoods.com,hello@cloudhoods.com,
Cloudnine,https://cloudnine.com,accounting@cloudnine.com,
Club de Malasmadres,https://clubdemalasmadres.com,hola@clubdemalasmadres.com,
Clue,https://cluedupp.com,,
Cmax Foundation,https://cmaxfoundation.org,,
Cntrl,https://central9.com.br,,
Cocmau UrbanChick,,,
Cocoon Revoc,,,
Cocoro,https://cocoromi-cl.jp,,
COCOROINTIM,https://cocoro-intim.com,hola@cocoro-intim.com,
Coddington Medical Family Practice,https://coddingtonmed.com,,
Codetta Biosciences,,,
Cofertility,https://cofertility.com,,
Cognitive Health Innovations,,,
Collagen For Her,https://collagenforher.com,contact@collagenforher.com,
CollaMedix,https://collamedixinc.com,,
Colleen,https://colleenhoover.com,,
Colorado Alliance for Health Equity and Practice,https://cahep.org,alok.sarwal@cahep.org,
Comazo,https://comazo.de,,
comegone dba Awkward Essentials,,,
Comet Healthcare,https://trycomet.com,,
Comfexy GmbH,,,
Comfort Lady,https://comfortlady.co.in,ecomsupport@comfortlady.co.in,
CommonSense,https://commonsensemedia.org,,
Complement Genomics,https://compgeno.com,info@compgeno.com,
Complete Shaping,https://completeshaping.com,info@completeshaping.com,
Complete Womens Imaging,https://cwiny.com,info@cwiny.com,
Complex Creatures,https://wearecomplexcreatures.com,press@wearecomplexcreatures.com,
Compliant Cleaning Supplies,https://compliantcs.com.au,info@compliantcs.com.au,
Comprehensive Center For Womens Medicine,https://ccwm.com,,
Comunidad S1S4,,,
Conceivable,https://conceivable.com,,
Conceive,https://weconceive.com,hello@weconceive.com,
Concepta Diagnostics,,,
Concevoir,https://concevoirwebservices.com,info@concevoirwebservices.com,
Confi,https://configio.com,more@configio.com,
Connehito,https://connehito.com,privacy@connehito.com,
Consilient Health,https://consilienthealth.com,drugsafety@consilienthealth.com,
ConTIPI Medical,,,
Cooch Care,,,
Cook Medical,https://cookmedical.com,chinacssupport@cookmedical.com,
Cool Mom Tech,https://coolmomtech.com,,
Cooler Heads,https://coolerheads.com,,
Coologics,https://coologics.us,,
Coop Madre Teresa,https://coopmadreteresa.it,,
CooperSurgical,https://coopersurgical.com,,
Cora,https://coral.ru,,
Cora LYV Life,,,
Coral,https://coral.ru,,
CorDiFio Health,,,
Cordon Vital,https://cordonvital.com,info@cordonvital.com,
Corelax,https://4corelax.com,,
Corion Biotech,https://corionbiotech.com,carlo.cavallero@corionbiotech.com,
Coroflo,https://coroflot.com,,
Cosm Medical,https://cosm.care,info@cosm.care,
Cosme Hunt,https://cosmehunt.com,brand@cosmehunt.com,
Cosmetic Gynecology Center of San Antonio,https://cosmeticgyn.net,,
Cothera Bioscience,,,
Cotton High Tech SL,,,
Cottonique,https://cottonique.com,customerservice@cottonique.com,
Cottons,https://cottonseedusa.com,,
County Obgyn,,,
Coupleness,,,
Cradle Genomics,https://cradlegenomics.com,,
Crave,https://craveonlinemedia.com,,
Create Better Days,https://createbetterdayscbd.co.uk,,
CRIB,https://cribwiz.com,,
CrossBay Medical,https://crossbaymedicalinc.com,info@crossbaymedicalinc.com,
Crunchmoms,https://crunchmoms.com,hey@crunchmoms.com,
CryAnalyzer,https://cry-analyzer.com,,
Crysta IVF,https://crystaivf.com,care@crystaivf.com,
Culotte,https://culotte.cl,hola@culotte.cl,
Culture of Life Family Services,,,
Culturelle,https://culturelle.com,,
Cumberland Medical Associates,https://cumberland-medical.com,,
CupCare,https://cupcare.net,,
Curanderas,https://takiruna.com,,
Cure Duchenne,https://cureduchenne.org,info@cureduchenne.org,
CureDiva,https://curediva.com,info@curediva.com,
CureMetrix,https://curemetrix.com,,
Curio Digital Therapeutics,https://curiodigitaltx.com,contact@curiodigitaltx.com,
Curiva,https://curiva.co,contactus@curiva.co,
CVR Medical Corp,,,
Cycle Care,https://cycle.care,,
Cycle Clarity,https://cycleclarity.com,,
Cycle Harmony,https://cycleharmony.com,,
Cycles App,https://getcyclesapp.com,,
CYCLO Sostenible,,,
Cyrcadia Health,https://cyrcadiahealth.com,,
Cyrcardia Asia Limited,,,
CysterCare,https://cystercare.com,,
CystoSure,https://cystosure.com,,
Cytyc,https://cyty.ca,,
DACCO,https://dac.co.jp,,
Dairy Womens Network,https://dwn.co.nz,info@dwn.org.nz,
DaisyCup,https://daisymenstrualcup.com,,
DAL Company,,,
Dama Health,https://dama-health.org,mosul.office@dama-health.org,
DAME,https://damensch.com,support@damensch.com,
Dame Products,https://dame.com,support@dameproducts.com,
Damiva,https://damiva.com,hello@mydamiva.com,
Dana,https://danawa.com,,
Dans Ma Culotte,https://dansmaculotte.com,contact@smoon-lingerie.com,
Dapple,https://dapple.com.my,,
Darah Medical,https://darahmedical.com,orders@darahmedical.com,
Dare Bioscience,https://darebioscience.com,,
DAYA Ventures,,,
Daybreak Health,https://daybreak.health,,
Daye,https://dyu.edu.tw,,
Days For Girls,https://daysforgirls.org,newzealand@daysforgirls.org,
Days for Girls International,https://daysforgirls.org,newzealand@daysforgirls.org,
Daysy,https://daysy.me,info@ch.daysy.me,
DDE MRI Solutions,,,
DE KLEINE GELUKSVOGEL,,,
Dear Doc,https://getdeardoc.com,support@getdeardoc.com,
Dear Kate,https://dearkatestudios.com,kate@dearkatestudios.com,
Dear Kyra,https://dearkyra.com,,
Dear Sunday Motherhood,,,
Deeper Gel,,,
DeepLook Medical,https://deeplookmedical.com,,
Definition12 AG,,,
Delee Corp,,,
Delfina,https://delfinancial.com,,
Deliver Health Consulting,,,
Delmont Imaging,https://delmont-imaging.com,contact@delmont-imaging.com,
Delphinus Medical Technologies,https://delphinusmt.com,,
Demonth,https://demontha.com.tr,destek@demontha.com.tr,
Densitas,https://densitashealth.ca,info@densitashealth.com,
Dentca,https://dentcaredental.com,info@dentcaredental.com,
DEOS,https://deoseek.jp,,
Desert Harvest,https://desertharvest.com,info@desertharvest.com,
Desert West OBGYN,,,
Design Angel,https://designangel.la,,
Desirables,https://desirablesecrets.com,info@desirablesecrets.com,
Desprecopii,https://desprecopii.com,,
Devyser,https://devyser.com,techsupport@devyser.com,
DiabetesSisters,https://diabetessisters.org,michelepolz@diabetessisters.org,
Diabiant Sugar Care Tablet,,,
Diagnio,https://diagnio.com,,
Diagnoly,https://diagnoly.com,contact@diagnoly.com,
DiagnoseStick MilkStrip,,,
DiaGyn,https://diagyn.com,,
Diana Health,https://heydianahealth.com,,
Diana Vietnam,https://diana.com.vn,,
Diary Bunda,https://diarybunda.co.id,,
Diem,https://mobiliar.ch,,
Diem Pouch,,,
Dignity Matters,https://dignity-matters.org,,
Diley Ridge Medical Center,https://medical-center.it,info@medical-center.it,
Dilon Technologies,https://dilon.com,,
Dima Health,,,
Dioptra,https://dioptra.gr,,
Dipsea,https://dipseastories.com,,
Discovering Hands,https://discovering-hands.de,kirsten.kirchhof@discovering-hands.de,
Diva International,https://divaint.it,,
Diva International Inc,,,
DKMS Capital,,,
DNA Worldwide,https://dna-worldwide.com,,
DNA Worx,https://dnaworx.com,,
dna37 com,,,
doctHERs,https://docthers.com,info@docthers.com,
Doctor Anywhere,https://doctoranywhere.com,,
Dolphin Organics,https://dolphinorganics.com,,
Domma,https://bossa.pl,,
Domo Safety,,,
Donor Egg Bank USA,https://donoreggbankusa.com,info@donoreggbankusa.com,
Doozie,https://doozie.care,,
Doppli,https://doppli.com,,
Dorlotine,https://dorlotine.com,contact@dorlotine.com,
Dorsata,https://dorsatahoney.com,,
DotLab,https://dotlab.com,,
Dotplot,https://dotplot.co,,
Doveras,https://dovera.sk,info@dovera.sk,
Dr Anna Cabeca,https://drannacabeca.com,team@drannacabeca.com,
Dr Fertility,https://drfertility.co.uk,,
Dr Garbers Natural Solutions,,,
Dr Lipp,https://drlipp.com,info@drlipp.com,
Dragonfly Data Ventures,https://ondragonfly.com,,
Dreamgenics,https://dreamgenics.com,,
Dreamtim Blooming,,,
Dreiturm,https://dreiturm.de,,
DS Family Medicine,https://dsfamilymed.com,,
Duchenne UK,https://duchenneuk.org,,
Duchesnay,https://duchesnay.com,,
duoFIT,https://duofitness.com.br,contato@duofitness.com.br,
DUSK,https://duskin.jp,,
Dwibs Search,,,
Dynamic Family Medicine,https://dynamicfamilymed.com,,
E3A Healthcare Pte Ltd,,,
Early Bird Medical,https://kokomed.com,info@kokomed.com,
Earth Mama Organics,https://earthmamaorganics.com,,
Ease Healthcare,https://ease-healthcare.com,,
East Cascade Womens Group,https://eastcascadewomensgroup.com,,
Eastern Radiologists,https://easternrad.com,,
Eastra Health,https://eastrahealth.com,,
Eastside Gynecology,https://eastsidegynecology.com,,
Easy Endo,https://easyendorse.com,,
Easy More,https://easymore.com.br,,
Easy Period,https://easyperiod.ca,,
Easyhin Technology,,,
Eat Burn Sleep,https://eatburnsleep.com,,
Eating Freely,https://eatingfreely.com,,
Ebi Family LLC,,,
ECI Biotech,https://ecibiotech.com,,
Eclipse System Pelvalon,,,
Eco Femme,https://ecofemme.org,info@ecofemme.org,
Ecocentric Mom,https://ecocentricmom.com,support@ecocentricmom.com,
eDoula,https://edoula.biz,,
Efelya,https://efelya.com,,
EffRx Pharmaceuticals,,,
Egal Pads,https://padsonaroll.com,,
Egg Donation Inc,,,
EggsChain,https://eggschain.com,,
Eggsurance,,,
eGYN,https://egynewtech.com,auto-confirm@egynewtech.com,
Eila Rain Health,,,
eIVF,https://eivf.org,,
Ekho Wellbeing,https://ekhowellbeing.com,,
El Centro de Corazon,https://elcentrodecorazon.org,,
E-Lab for Women,,,
eLab Solutions,https://elabsolutions.com,,
Elan Healthcare,https://elanhealthcare.ca,,
Elana Health,,,
Elana Inc now Pelihealth,,,
Elanza Wellness,https://elanzawellness.com,,
Elbaz Dental Products,,,
Elda Health,https://eldahealth.com,,
Elektra Health,https://elektrahealth.com,,
Elevate Womens Health,https://elevatewh.com,,
Eli Health,https://eli.health,,
Elidah,https://elidah.com,,
Elite OBGYN,https://eliteobgyn.com,,
Elix,https://elixinol.com,,
Ella,https://ellaparadis.com,,
Ellen,https://egsllp.com,,
Ellen Shaw de Paredes Institute for Womens Imaging,,,
Elscint Tomography,,,
Elsker,https://elskerestaurant.com,,
Elvie,https://elvie.com,verify@elvie.com,
Emagina,https://emaginacion.com,,
Emagine Solutions Technology,https://emaginest.com,,
Emanui,https://emanui.com,,
Embella GmbH,,,
Embie,https://embieapp.com,,
Embie App,https://embieapp.com,,
emborrow,https://emborrow.com,information@emborrow.com,
Embr Labs,https://embrlabs.com,,
Embrace Global,https://embraceglobal.org,,
Embrace Grace,https://embracegrace.com,,
Embryome,https://embryomedicine.gr,,
Embryonics,https://embryonicsltd.co.uk,,
Emedgene,,,
EMILE,https://emilehenryusa.com,,
Emilia George,,,
Emjoy,https://emjoy.co,,
Emm Technology,,,
Emmas Diary,https://emmasdiary.co.uk,,
EmmaWell,https://ew-pr.co.uk,,
Emme,https://emmersion.ai,,
EMNU Vitae,https://emnuvitae.com,,
Emojibator,https://emojibator.com,,
Emotion Publisher,,,
Empowered Products Inc,,,
Emu Health,https://emuhealth.com,,
En Suelo Firme,https://ensuelofirme.com,,
Enancio,https://enancio.com,,
Endodiag,https://endodiag.com,,
EndoGene Bio,https://endogene.bio,,
Endomag,https://endomag.com,,
Endometrix,https://endo-metrix.com,,
EngErotics,https://engerotics.com,,
Entale Inc,,,
Entre Mamas,https://entremamas.org,,
Enya Technology Malaysia,,,
Ephphatha Medical Care Services,,,
Equal Hope,https://equalhope.org,,
Equalize Health,https://equalizehealth.org,,
Equilibria,https://myeq.com,,
Equilibrist Lab,https://equilibrist-lab.be,,
Equip Health,https://equip.health,recoverystories@equip.health,
Erdbeerwoche GesbR,,,
Erdbeerwoche GmbH,,,
ES CREATION,https://escreation.com,,
eSampo,https://esampo.com,,
Escala Medical,https://escalamedical.com,,
Esme,https://esmesalon.com,,
Esme Health,,,
Essence App,,,
Establishment Labs,https://establishmentlabs.com,,
Esteem No Pause,https://esteemmanchester.com,,
Estroven,https://estroven.com,,
EsVendo,,,
Etalon Diagnostics,https://etalondx.com,,
Eternalhealth,https://eternalhealthstore.com,,
Eugene Therapy,https://eugenetherapy.com,,
European Institute of Womens Heallth,,,
Eva,https://evand.com,,
Evangelisches Diakoniekrankenhaus Freiburg,,,
EVB Sports Shorts,,,
Eve Biomedical,https://evebiomedical.com,,
Eve Medical,https://eveivf.com,,
Eve Pharma,,,
Eveline,https://eveline.pl,,
Everchange,https://everchange.com.au,info@everchange.com.au,
Evereden,https://ever-eden.com,,
Everlast Wellness Medical Center,https://everlastwellness.com,,
Everlywell,https://everlywell.com,,
Everlywell now Everly Health,,,
Evernow,https://evernow.com,,
EverThrive Illinois,https://everthriveil.org,,
Everviolet,https://everviolet.com,press@everviolet.com,
Every Mother,https://every-mother.com,info@every-mother.com,
Every Mother Counts,https://everymothercounts.org,,
EVERYBABY,https://everybabyproduct.com,,
Everyday Miracles,https://everyday-miracles.org,ruthe@everyday-miracles.org,
everymum ie,https://everymum.ie,,
Eves Breast Center,https://evesbreastcenter.com,,
Evestra,https://evestra.com,,
Evie Movano Health,,,
Evofem Biosciences,https://evofem.com,,
Evoker,https://evokerealestategroup.com,,
EVOLVE Essential,https://evolveessential.com,,
Evolwe,https://evolwe.world,,
Evren Technologies,https://evrenvns.com,,
Evvy,https://evvy.com,hello@evvy.com,
Exclusively RNs,https://exclusivelyrns.com,,
Exeltis,https://exeltis.com.br,,
Exert Co,https://exert360.com,,
EXO Technologies,https://exosteel.com,sales@exosteel.com,
Expectful,https://expectful.com,ncare@expectful.com,
Extend Fertility,https://extendfertility.com,letschat@extendfertility.com,
EZbra,https://ezbraid.com,,
Ezoyplus,https://ezoyplus.com,info@ezoyplus.com,
Fab Fertile,https://fabfertile.com,hello@fabfertile.ca,
FabLittleBag,https://fablittlebag.com,orders@fablittlebag.com,
Fabulabs,https://fabulabs.net,,
FaceHeart Corporation,,,
Fairfax OBGYN Associates,,,
Fairhaven Health,https://fairhavenhealth.com,support@fairhavenhealth.com,
Fairtility,https://fairtility.com,info@fairtility.com,
famHQ,https://famhqconcierge.com,,
Famileaf,https://fami-leaf.com,,
Family Choice Medical Clinic,,,
Family Health Association,,,
Family Insight,https://familyinsight.net,,
Family Sphere Lyon,,,
FamiOne,https://famione.com,yamadahanako@famione.com,
Famivita,https://famivita.com.br,,
Famlee,https://famleeoffour.com,,
Farmitalia,https://farmitalia.net,,
Farragut Medical and Travel Care,https://farragutmedical.com,info@farragutmedical.com,
Fasciotens,https://fasciotens.com,info@fasciotens.de,
FathomX,https://fathomxp.com,info@fathomxp.com,
FattoreMamma,https://fattoremamma.com,,
Fava,https://favapress.ir,,
FC2 Female Condom,https://fc2femalecondom.com,,
Feedwell,https://feedwell.com.au,orders@feedwell.com.au,
Feel Collective,https://feelcollective.co,,
Feel Cosmeticos Ltda,,,
Felicity Pharma,https://felicitypharma.com,info@felicitypharma.com,
Feline Pine,https://felinepine.com,,
FelisaMomspa,,,
fem com,https://fem.com,,
Fem Patch,,,
Femai Health,,,
Female Health Associates of North Texas,,,
Femality Health,https://femalityhealth.com,,
Femap,https://femap.org.mx,ltena@femap.org.mx,
